metric,value
conversion_rate,0.08901282766313441
avg_duration_sec,174.73870607919687
avg_pageviews,4.7990630228667035
engagement_rate,0.6171779141104294
